Board Name,Pin Title,Image URL,Amazon Affiliate Link
⌚ Timeless Watches,Seiko 5 SNXS79 - The Understated Classic,https://oldmoneypicks.com/images/products/seiko-5-snxs79.jpg,https://amzn.to/4wgMGJD
⌚ Timeless Watches,Casio A168WG-9 - Retro Gold Digital,https://oldmoneypicks.com/images/products/casio-a168wg-9.jpg,https://amzn.to/4x5jxT1
⌚ Timeless Watches,Timex Marlin - Mid-Century Hand-Wound,https://oldmoneypicks.com/images/products/timex-marlin.jpg,https://amzn.to/4wQIh19
⌚ Timeless Watches,Tissot PRX Powermatic 80 - Ice Blue,https://oldmoneypicks.com/images/products/tissot-prx-powermatic-80.jpg,https://amzn.to/4q9Q1ch
⌚ Timeless Watches,Orient Bambino Small Seconds - Champagne,https://oldmoneypicks.com/images/products/orient-bambino.jpg,https://amzn.to/3S3YXmQ
👜 Quiet Luxury Leather,Coach Pebbled Leather Card Holder,https://oldmoneypicks.com/images/products/coach-card-holder.jpg,https://amzn.to/3SoZwHY
👜 Quiet Luxury Leather,Fossil Minimalist Slim Wallet,https://oldmoneypicks.com/images/products/fossil-slim-wallet.jpg,https://amzn.to/4g2FJY5
👜 Quiet Luxury Leather,Leatherology Leather Desk Pad,https://oldmoneypicks.com/images/products/leatherology-desk-pad.jpg,https://amzn.to/4g8VTOn
👜 Quiet Luxury Leather,Hide & Drink Leather Watch Roll,https://oldmoneypicks.com/images/products/hide-and-drink-watch-roll.jpg,https://amzn.to/4g5ijQf
👜 Quiet Luxury Leather,Royce Leather Valet Tray,https://oldmoneypicks.com/images/products/royce-leather-valet-tray.jpg,https://amzn.to/4wjhcCV
🌿 Signature Scents,Nautica Voyage Eau de Toilette,https://oldmoneypicks.com/images/products/nautica-voyage.jpg,https://amzn.to/4wsaY3n
🌿 Signature Scents,CK One unisex,https://oldmoneypicks.com/images/products/ck-one.jpg,https://amzn.to/4g24BxB
🌿 Signature Scents,Dior Sauvage Eau de Toilette,https://oldmoneypicks.com/images/products/dior-sauvage.jpg,https://amzn.to/4bIkXKB
🌿 Signature Scents,Creed Aventus sample,https://oldmoneypicks.com/images/products/creed-aventus-sample.jpg,https://amzn.to/4fQJdN8
🌿 Signature Scents,Jo Malone Wood Sage Sea Salt,https://oldmoneypicks.com/images/products/jo-malone-wood-sage-sea-salt.jpg,https://amzn.to/4wr6AC2
👔 Quiet Luxury Fashion,Polo Ralph Lauren Oxford shirt white,https://oldmoneypicks.com/images/products/polo-ralph-lauren-oxford.jpg,https://amzn.to/4fTWRPF
👔 Quiet Luxury Fashion,Brooks Brothers non iron slim fit,https://oldmoneypicks.com/images/products/brooks-brothers-non-iron.jpg,https://amzn.to/4wskP9E
👔 Quiet Luxury Fashion,linen shirt men cream,https://oldmoneypicks.com/images/products/linen-shirt-cream.jpg,https://amzn.to/4wscRNv
👔 Quiet Luxury Fashion,cashmere v neck sweater navy,https://oldmoneypicks.com/images/products/cashmere-v-neck-sweater.jpg,https://amzn.to/4gaV8Es
👔 Quiet Luxury Fashion,Uniqlo linen blazer beige men,https://oldmoneypicks.com/images/products/uniqlo-linen-blazer.jpg,https://amzn.to/4wqsYeH
🏛️ Elegant Living,LAFCO chamomile lavender candle,https://oldmoneypicks.com/images/products/lafco-candle.jpg,https://amzn.to/4z4KIia
🏛️ Elegant Living,Waterford Lismore crystal tumbler,https://oldmoneypicks.com/images/products/waterford-lismore-tumbler.jpg,https://amzn.to/4wlp5aU
🏛️ Elegant Living,marble brass bookends,https://oldmoneypicks.com/images/products/marble-brass-bookends.jpg,https://amzn.to/4z9Gw0N
🏛️ Elegant Living,Ralph Lauren cashmere throw blanket,https://oldmoneypicks.com/images/products/ralph-lauren-cashmere-throw.jpg,https://amzn.to/4ciAAsl
🏛️ Elegant Living,Diptyque Baies scented oval,https://oldmoneypicks.com/images/products/diptyque-baies-candle.jpg,https://amzn.to/4i1qmQL
