Pin Title,Amazon Affiliate Link
Seiko 5 SNXS79 - The Understated Classic,https://www.amazon.com/dp/B004YDLF3A?tag=oldmoneypicks-20
Casio A168WG-9 - Retro Gold Digital,https://www.amazon.com/dp/B01M09CT2Q?tag=oldmoneypicks-20
Timex Marlin - Mid-Century Hand-Wound,https://www.amazon.com/dp/B08K2GT7GB?tag=oldmoneypicks-20
Tissot PRX Powermatic 80 - Ice Blue,https://www.amazon.com/dp/B0CDP157F4?tag=oldmoneypicks-20
Orient Bambino Small Seconds - Champagne,https://www.amazon.com/dp/B078BY3B1B?tag=oldmoneypicks-20
Coach Pebbled Leather Card Holder,https://www.amazon.com/dp/B07PJFNTHT?tag=oldmoneypicks-20
Fossil Minimalist Slim Wallet,https://www.amazon.com/dp/B0BJ7T1BS7?tag=oldmoneypicks-20
Leatherology Leather Desk Pad,https://www.amazon.com/dp/B01N2AL2MK?tag=oldmoneypicks-20
Hide & Drink Leather Watch Roll,https://www.amazon.com/dp/B07L15L48X?tag=oldmoneypicks-20
Royce Leather Valet Tray,https://www.amazon.com/dp/B00WKL39ZA?tag=oldmoneypicks-20
Nautica Voyage Eau de Toilette,https://www.amazon.com/dp/B000P22TIY?tag=oldmoneypicks-20
CK One unisex,https://www.amazon.com/dp/B000E7WFX4?tag=oldmoneypicks-20
Givenchy Gentleman Boisee Eau De Parfum,https://www.amazon.com/dp/B0855L81LL?tag=oldmoneypicks-20
Versace Eros by Versace for Men - 6.7 oz Parfum Spray,https://www.amazon.com/dp/B0BBR9LQV3?tag=oldmoneypicks-20
Jo Malone Wood Sage Sea Salt,https://www.amazon.com/dp/B00VL1H4KQ?tag=oldmoneypicks-20
Polo Ralph Lauren Oxford shirt white,https://www.amazon.com/dp/B0D15F8XZY?tag=oldmoneypicks-20
Brooks Brothers non iron slim fit,https://www.amazon.com/dp/B074R5GC2V?tag=oldmoneypicks-20
J.VER Linen Blend Shirt - White,https://www.amazon.com/dp/B0CFHLCPZP?tag=oldmoneypicks-20
cashmere v neck sweater navy,https://www.amazon.com/dp/B00WSAYH9K?tag=oldmoneypicks-20
Perry Ellis Linen Blazer - Natural,https://www.amazon.com/dp/B0CNKXL8ZN?tag=oldmoneypicks-20
LAFCO chamomile lavender candle,https://www.amazon.com/dp/B002LK414S?tag=oldmoneypicks-20
Waterford Lismore crystal tumbler,https://www.amazon.com/dp/B000SMQ7JS?tag=oldmoneypicks-20
marble brass bookends,https://www.amazon.com/dp/B08NFHN5PQ?tag=oldmoneypicks-20
Ralph Lauren cashmere throw blanket,https://www.amazon.com/dp/B01MR6KQ4E?tag=oldmoneypicks-20
Diptyque Baies scented oval,https://www.amazon.com/dp/B004RVBSKE?tag=oldmoneypicks-20
